﻿<?xml version="1.0" encoding="UTF-8"?>
<beans xmlns="http://www.springframework.org/schema/beans"
	xmlns:xsi="http://www.w3.org/2001/XMLSchema-instance"
	xmlns:aop="http://www.springframework.org/schema/aop"
	xmlns:context="http://www.springframework.org/schema/context"
	xmlns:jdbc="http://www.springframework.org/schema/jdbc"
	xmlns:mvc="http://www.springframework.org/schema/mvc"
	xmlns:p="http://www.springframework.org/schema/p"
	xmlns:tx="http://www.springframework.org/schema/tx"
	xmlns:util="http://www.springframework.org/schema/util"
	xsi:schemaLocation="http://www.springframework.org/schema/beans http://www.springframework.org/schema/beans/spring-beans-3.2.xsd
		http://www.springframework.org/schema/aop http://www.springframework.org/schema/aop/spring-aop-3.2.xsd
		http://www.springframework.org/schema/context http://www.springframework.org/schema/context/spring-context-3.2.xsd
		http://www.springframework.org/schema/jdbc http://www.springframework.org/schema/jdbc/spring-jdbc-3.2.xsd
		http://www.springframework.org/schema/mvc http://www.springframework.org/schema/mvc/spring-mvc-3.2.xsd
		http://www.springframework.org/schema/tx http://www.springframework.org/schema/tx/spring-tx-3.2.xsd
		http://www.springframework.org/schema/util http://www.springframework.org/schema/util/spring-util-3.2.xsd">
<!-- 开启注解 -->
	<context:component-scan base-package="com.qhc.*"></context:component-scan>
<!-- 试图解析器 -->
	<bean
		class="org.springframework.web.servlet.view.InternalResourceViewResolver"
		p:viewClass="org.springframework.web.servlet.view.JstlView"
		p:prefix="/jsp/"
		p:suffix=".jsp"
	/>
	<mvc:annotation-driven /> 
    <mvc:resources location="/images/" mapping="/images/**"/> 
    <mvc:resources location="/css/" mapping="/css/**"/> 
    <mvc:resources location="/js/" mapping="/js/**"/>
    <mvc:resources location="/jsp/" mapping="/jsp/**"/>
	



 <bean  id="multipartResolver" class="org.springframework.web.multipart.commons.CommonsMultipartResolver">
    	<!-- 配置上传文件的编码格式 -->
    	<property name="defaultEncoding" value="utf-8"></property>
   		<!-- 上传文件的大小 -->
   		<property name="maxUploadSize" value="102400000"></property>
    	<!-- 设置上传文件的临时文件夹 -->
    	<property name="uploadTempDir" value="upload/temp"></property>
    </bean>











</beans>
