<?xml version="1.0"?>
<!DOCTYPE hibernate-mapping PUBLIC "-//Hibernate/Hibernate Mapping DTD 3.0//EN"
"http://hibernate.sourceforge.net/hibernate-mapping-3.0.dtd">
<!-- Generated 2017-4-13 13:53:28 by Hibernate Tools 3.5.0.Final -->
<hibernate-mapping>
    <class name="com.qhc.bean.Admin" table="ADMIN">
        <id name="adminid" type="int">
            <column name="ADMINID" />
            <generator class="assigned" />
        </id>
        <property name="adminname" type="java.lang.String">
            <column name="ADMINNAME" />
        </property>
        <property name="adminpassword" type="java.lang.String">
            <column name="ADMINPASSWORD" />
        </property>
        <property name="adminsrtype" type="java.lang.String">
            <column name="ADMINSRTYPE" />
        </property>
        <property name="telephone" type="java.lang.String">
            <column name="TELEPHONE" />
        </property>
    </class>
</hibernate-mapping>
