<?xml version="1.0"?>
<!DOCTYPE hibernate-mapping PUBLIC "-//Hibernate/Hibernate Mapping DTD 3.0//EN"
"http://hibernate.sourceforge.net/hibernate-mapping-3.0.dtd">
<!-- Generated 2017-4-16 16:42:04 by Hibernate Tools 3.5.0.Final -->
<hibernate-mapping>
    <class name="com.qhc.bean.Announcement" table="ANNOUNCEMENT">
        <id name="id" type="int">
            <column name="ID" />
            <generator class="assigned" />
        </id>
        <property name="announcement" type="java.lang.String">
            <column name="ANNOUNCEMENT" />
        </property>
        <property name="time" type="java.lang.String">
            <column name="TIME" />
        </property>
    </class>
</hibernate-mapping>
