<?xml version="1.0"?>
<!DOCTYPE hibernate-mapping PUBLIC "-//Hibernate/Hibernate Mapping DTD 3.0//EN"
"http://hibernate.sourceforge.net/hibernate-mapping-3.0.dtd">
<!-- Generated 2017-4-12 22:33:26 by Hibernate Tools 3.5.0.Final -->
<hibernate-mapping>
    <class name="com.qhc.bean.Journal" table="JOURNAL">
        <id name="journalid" type="int">
            <column name="JOURNALID" />
            <generator class="assigned" />
        </id>
        <property name="userid" type="int">
            <column name="USERID" />
        </property>
        <property name="journal" type="java.lang.String">
            <column name="JOURNAL" />
        </property>
        <property name="journal_time" type="java.lang.String">
            <column name="JOURNAL_TIME" />
        </property>
    </class>
</hibernate-mapping>
