<?xml version="1.0"?>
<!DOCTYPE hibernate-mapping PUBLIC "-//Hibernate/Hibernate Mapping DTD 3.0//EN"
"http://hibernate.sourceforge.net/hibernate-mapping-3.0.dtd">
<!-- Generated 2017-4-12 22:33:26 by Hibernate Tools 3.5.0.Final -->
<hibernate-mapping>
    <class name="com.qhc.bean.Users_sr" table="USERS_SR" dynamic-insert="false" dynamic-update="true">
        <id name="srid" type="int">
            <column name="SRID" />
            <generator class="assigned" />
        </id>
        <property name="userid" type="int">
            <column name="USERID" />
        </property>
        <property name="srname" type="java.lang.String">
            <column name="SRNAME" />
        </property>
        <property name="srunit" type="java.lang.String">
            <column name="SRUNIT" />
        </property>
        <property name="srlist" type="java.lang.String">
            <column name="SRLIST" />
        </property>
        <property name="srtime" type="java.lang.String">
            <column name="SRTIME" />
        </property>
        <property name="srcheck" type="java.lang.String" insert="false" update="true">
            <column name="SRCHECK" />
        </property>
        <property name="srtype" type="java.lang.String">
            <column name="SRTYPE" />
        </property>
        <property name="sradopt" type="java.lang.String">
            <column name="SRADOPT" />
        </property>
        <property name="reportname" type="java.lang.String">
            <column name="REPORTNAME" />
        </property>
    </class>
</hibernate-mapping>
