<?xml version="1.0"?>
<!DOCTYPE hibernate-mapping PUBLIC "-//Hibernate/Hibernate Mapping DTD 3.0//EN"
"http://hibernate.sourceforge.net/hibernate-mapping-3.0.dtd">
<!-- Generated 2017-4-13 6:57:28 by Hibernate Tools 3.5.0.Final -->
<hibernate-mapping>
    <class name="com.qhc.bean.Users" table="USERS">
        <id name="userid" type="int">
            <column name="USERID" />
            <generator class="assigned" />
        </id>
        <property name="username" type="java.lang.String">
            <column name="USERNAME" />
        </property>
        <property name="password" type="java.lang.String">
            <column name="PASSWORD" />
        </property>
        <property name="degree" type="java.lang.String">
            <column name="DEGREE" />
        </property>
        <property name="degree_unit" type="java.lang.String">
            <column name="DEGREE_UNIT" />
        </property>
        <property name="degree_start" type="java.util.Date">
            <column name="DEGREE_START" />
        </property>
        <property name="degree_end" type="java.util.Date">
            <column name="DEGREE_END" />
        </property>
        <property name="degree_najor" type="java.lang.String">
            <column name="DEGREE_NAJOR" />
        </property>
        <property name="email" type="java.lang.String">
            <column name="EMAIL" />
        </property>
        <property name="head" type="java.lang.String">
            <column name="HEAD" />
        </property>
    </class>
</hibernate-mapping>
